run,avg_runs,t_avg_run_time,t_avg_plan_time,t_avg_dist,t_avg_path_length,t_avg_success,params
best_run,1,1.6813020706176758,0.08177399635314941,1.702745062972865,7.692748808672568,1.0,"{'default': 0.8762821304670049, 'type': 'geometric::RRTConnect'}"
test_run,1,2.094101905822754,0.2375199794769287,1.7028901523472164,7.653316110443313,1.0,"{'default': 0.8762821304670049, 'type': 'geometric::RRTConnect'}"
