run,avg_runs,t_avg_run_time,t_avg_plan_time,t_avg_dist,t_avg_path_length,t_avg_success,params
best_run,1,2.329357147216797,0.08661484718322754,1.702902823575845,7.294879444937599,1.0,"{'range': 11.99997683726698, 'type': 'geometric::RRTConnect'}"
test_run,5,0.722011137008667,0.12395544052124023,1.7027821506811258,8.115619530609122,1.0,"{'range': 11.99997683726698, 'type': 'geometric::RRTConnect'}"
