run,avg_runs,t_avg_run_time,t_avg_plan_time,t_avg_dist,t_avg_path_length,t_avg_success,params
best_run,1,0.2964200973510742,0.03921008110046387,1.702804191269177,1.702804191269177,1.0,"{'range': 11.31648692532278, 'type': 'geometric::RRTConnect'}"
test_run,5,0.7314463138580323,0.14061765670776366,1.7028402850064484,7.909647039313303,1.0,"{'range': 11.31648692532278, 'type': 'geometric::RRTConnect'}"
