run,avg_runs,t_avg_run_time,t_avg_plan_time,t_avg_dist,t_avg_path_length,t_avg_success,params
best_run,1,1.7536780834197998,0.09521603584289552,1.7031471234807196,7.724723314460541,1.0,"{'init_temperature': 0.0006148961600730312, 'temp_change_factor': 0.6144273211167924, 'cost_threshold': 95194.86427700079, 'range': 11.225715172964186, 'frountier_node_ratio': 0.758488777694629, 'type': 'geometric::BiTRRT', 'frountier_threshold': 0.8997964554168711}"
test_run,5,0.5627294540405273,0.11751370429992676,1.362228107159008,5.911039146613408,0.8,"{'init_temperature': 0.0006148961600730312, 'temp_change_factor': 0.6144273211167924, 'cost_threshold': 95194.86427700079, 'range': 11.225715172964186, 'frountier_node_ratio': 0.758488777694629, 'type': 'geometric::BiTRRT', 'frountier_threshold': 0.8997964554168711}"
