run,avg_runs,t_avg_run_time,t_avg_plan_time,t_avg_dist,t_avg_path_length,t_avg_success,params
best_run,1,0.9145259857177734,0.047860145568847656,1.703034356132728,5.733700126036197,1.0,"{'init_temperature': 0.0005419361227294175, 'temp_change_factor': 0.5061376036078309, 'frountier_threshold': 0.583043493957123, 'range': 5.267468390752869, 'frountier_node_ratio': 0.5238175179350061, 'type': 'geometric::BiTRRT', 'cost_threshold': 80056.19198266669}"
test_run,5,0.5882550239562988,0.06572580337524414,1.3622787579444746,6.494584310253792,0.8,"{'init_temperature': 0.0005419361227294175, 'temp_change_factor': 0.5061376036078309, 'frountier_threshold': 0.583043493957123, 'range': 5.267468390752869, 'frountier_node_ratio': 0.5238175179350061, 'type': 'geometric::BiTRRT', 'cost_threshold': 80056.19198266669}"
