run,avg_runs,t_avg_run_time,t_avg_plan_time,t_avg_dist,t_avg_path_length,t_avg_success,params
best_run,1,2.145360946655273,0.1461350917816162,1.7029826026110324,6.875620340235188,1.0,"{'init_temperature': 0.0004108235234654804, 'temp_change_factor': 0.27312028684309064, 'cost_threshold': 0.7883209964843679, 'range': 7.028906942314441, 'frountier_node_ratio': 0.8205165687641788, 'type': 'geometric::BiTRRT', 'frountier_threshold': 87699.3625330661}"
test_run,5,0.3945751190185547,0.07655572891235352,1.0218371168606084,4.283953336558109,0.6,"{'init_temperature': 0.0004108235234654804, 'temp_change_factor': 0.27312028684309064, 'cost_threshold': 0.7883209964843679, 'range': 7.028906942314441, 'frountier_node_ratio': 0.8205165687641788, 'type': 'geometric::BiTRRT', 'frountier_threshold': 87699.3625330661}"
