run,avg_runs,t_avg_run_time,t_avg_plan_time,t_avg_dist,t_avg_path_length,t_avg_success,params
best_run,1,1.302658796,0.07990908599999999,1.702976351,6.7332524529999995,1.0,"{'init_temperature': '0.00044088776993725354', 'temp_change_factor': '0.8171641006077756', 'cost_threshold': '43842.947887264585', 'range': '9.348064104596823', 'frountier_node_ratio': '0.3073262948044122', 'type': 'geometric::BiTRRT', 'frountier_threshold': '0.29123828425911635'}"
test_run,5,0.5617368221282959,0.11351065635681153,1.3625480497482358,6.101649657788185,0.8,"{'init_temperature': '0.00044088776993725354', 'temp_change_factor': '0.8171641006077756', 'cost_threshold': '43842.947887264585', 'range': '9.348064104596823', 'frountier_node_ratio': '0.3073262948044122', 'type': 'geometric::BiTRRT', 'frountier_threshold': '0.29123828425911635'}"
