run,avg_runs,t_avg_run_time,t_avg_plan_time,t_avg_dist,t_avg_path_length,t_avg_success,params
best_run,1,0.978232145,0.066323042,1.7031508530000001,6.439828607999999,1.0,"{'range': '7.391722238709724', 'type': 'geometric::RRTConnect'}"
test_run,5,0.7630024433135987,0.16440081596374512,1.7030893772980193,8.444083306501117,1.0,"{'range': '7.391722238709724', 'type': 'geometric::RRTConnect'}"
