run,avg_runs,t_avg_run_time,t_avg_plan_time,t_avg_dist,t_avg_path_length,t_avg_success,params
best_run,1,0.0409669876,0.046605110199999994,0.0060665782,0.0060665782,1.0,"{'init_temperature': 0.0007927862095845205, 'range': 11.568071331609358, 'temp_change_factor': 0.15923602623703226, 'frountier_node_ratio': 0.4660855547743681, 'type': 'geometric::BiTRRT', 'cost_threshold': 13240.910110862436, 'frountier_threshold': 0.1600695002592153}"
test_run,5,0.601069974899292,0.21178154945373534,1.7091145839735724,7.240712537136832,1.0,"{'init_temperature': 0.0007927862095845205, 'range': 11.568071331609358, 'temp_change_factor': 0.15923602623703226, 'frountier_node_ratio': 0.4660855547743681, 'type': 'geometric::BiTRRT', 'cost_threshold': 13240.910110862436, 'frountier_threshold': 0.1600695002592153}"
