run,avg_runs,t_avg_run_time,t_avg_plan_time,t_avg_dist,t_avg_path_length,t_avg_success,params
best_run,1,1.1561570168000002,0.0872220993,1.7028566000000003,1.7028566000000003,1.0,"{'init_temperature': 0.0001309079769247185, 'temp_change_factor': 0.023976617920065897, 'cost_threshold': 0.5860202234362429, 'range': 13.479224932403671, 'frountier_node_ratio': 0.0001678715870975234, 'type': 'geometric::BiTRRT', 'frountier_threshold': 53907.63609066515}"
test_run,5,0.7004178047180176,0.13527293205261232,1.7028840764984614,7.81087678545552,1.0,"{'init_temperature': 0.0001309079769247185, 'temp_change_factor': 0.023976617920065897, 'cost_threshold': 0.5860202234362429, 'range': 13.479224932403671, 'frountier_node_ratio': 0.0001678715870975234, 'type': 'geometric::BiTRRT', 'frountier_threshold': 53907.63609066515}"
