run,avg_runs,t_avg_run_time,t_avg_plan_time,t_avg_dist,t_avg_path_length,t_avg_success,params
best_run,1,2.499364852905273,0.09288311004638672,1.7026452140022013,7.626462697995594,1.0,"{'init_temperature': 0.00032214779766333496, 'range': 6.889318657222672, 'temp_change_factor': 0.9252437447548464, 'frountier_node_ratio': 0.8419300813927757, 'type': 'geometric::BiTRRT', 'cost_threshold': 41034.578942039516, 'frountier_threshold': 0.4249649312206198}"
test_run,5,0.5748740673065186,0.1825610637664795,1.362275253664882,6.139121811510705,0.8,"{'init_temperature': 0.00032214779766333496, 'range': 6.889318657222672, 'temp_change_factor': 0.9252437447548464, 'frountier_node_ratio': 0.8419300813927757, 'type': 'geometric::BiTRRT', 'cost_threshold': 41034.578942039516, 'frountier_threshold': 0.4249649312206198}"
