run,avg_runs,t_avg_run_time,t_avg_plan_time,t_avg_dist,t_avg_path_length,t_avg_success,params
best_run,1,0.6720578670999999,0.0385079384,1.7028974174,1.7028974174,1.0,"{'default': 1.0832527236416973, 'type': 'geometric::RRTConnect'}"
test_run,5,0.6954030513763427,0.09517879486083984,1.7027989116553706,7.375888886740258,1.0,"{'default': 1.0832527236416973, 'type': 'geometric::RRTConnect'}"
