run,avg_runs,t_avg_run_time,t_avg_plan_time,t_avg_dist,t_avg_path_length,t_avg_success,params
best_run,1,2.575906991958618,0.10691690444946288,1.7030163507876626,6.824664914423258,1.0,"{'default': 0.10034193853307284, 'type': 'geometric::RRTConnect'}"
test_run,5,0.4756337642669678,0.16297521591186523,1.021760401916094,4.357560813327348,0.6,"{'default': 0.10034193853307284, 'type': 'geometric::RRTConnect'}"
