run,avg_runs,t_avg_run_time,t_avg_plan_time,t_avg_dist,t_avg_path_length,t_avg_success,params
best_run,1,0.7186560631000001,0.0516901016,1.702932201,7.045384983200001,1.0,"{'default': 1.4000000000000001, 'type': 'geometric::RRTConnect'}"
test_run,5,0.8535409450531006,0.16244874000549317,1.7028296886478202,7.885747687637762,1.0,"{'default': 1.4000000000000001, 'type': 'geometric::RRTConnect'}"
