"Validation Configuration ID","Configuration ","Sample Call String"
"1","-x1 '-3.265837576214523' -x2 '13.279198465213499'","python example_scenarios/branin/branin.py no_instance 0 1.7976931348623157E308 2147483647 -1 -x1 '-3.265837576214523' -x2 '13.279198465213499' "
