"Validation Configuration ID","Configuration ","Sample Call String"
"1","-x1 '3.076489336314598' -x2 '1.662435715959711'","python example_scenarios/branin/branin.py no_instance 0 1.7976931348623157E308 2147483647 -1 -x1 '3.076489336314598' -x2 '1.662435715959711' "
