avg_runs,params,run,t_avg_dist,t_avg_path_length,t_avg_plan_time,t_avg_run_time,t_avg_success
5.0,"{'init_temperature': 1e-06, 'temp_change_factor': 0.1, 'cost_threshold': 100000, 'range': 5.0, 'frountier_node_ratio': 0.1, 'type': 'geometric::BiTRRT', 'frountier_threshold': 0.4}",avg_default,1.4758494143153345,6.5984621427997,0.21269758542378744,1.298653793334961,0.8666666666666667
1.0,"{'init_temperature': '0.00044088776993725354', 'temp_change_factor': '0.8171641006077756', 'cost_threshold': '43842.947887264585', 'range': '9.348064104596823', 'frountier_node_ratio': '0.3073262948044122', 'type': 'geometric::BiTRRT', 'frountier_threshold': '0.29123828425911635'}",best_run,1.702976351,6.7332524529999995,0.07990908599999999,1.302658796,1.0
5.0,"{'init_temperature': '0.00044088776993725354', 'temp_change_factor': '0.8171641006077756', 'cost_threshold': '43842.947887264585', 'range': '9.348064104596823', 'frountier_node_ratio': '0.3073262948044122', 'type': 'geometric::BiTRRT', 'frountier_threshold': '0.29123828425911635'}",test_run,1.702846778289257,8.19914542353754,0.1847318649291992,0.7265252113342285,1.0
