avg_runs,params,run,t_avg_dist,t_avg_path_length,t_avg_plan_time,t_avg_run_time,t_avg_success
5.0,"{'range': 5.0, 'type': 'geometric::RRTConnect'}",avg_default,1.5893968727444763,7.0306168546027346,0.2052500565846761,1.310619370142619,0.9333333333333332
1.0,"{'range': '7.391722238709724', 'type': 'geometric::RRTConnect'}",best_run,1.7031508530000001,6.439828607999999,0.066323042,0.978232145,1.0
5.0,"{'range': '7.391722238709724', 'type': 'geometric::RRTConnect'}",test_run,1.7029208577468338,7.902979497211533,0.17117862701416015,0.7097222328186035,1.0
