avg_runs,params,run,t_avg_dist,t_avg_path_length,t_avg_plan_time,t_avg_run_time,t_avg_success
5.0,"{'range': 5.0, 'type': 'geometric::RRTConnect'}",avg_default,1.5893968727444763,7.0306168546027346,0.2052500565846761,1.310619370142619,0.9333333333333332
1.0,"{'range': 4.5332656375126374, 'type': 'geometric::RRTConnect'}",best_run,1.7027417182058788,9.24699683159912,0.10544109344482422,2.095213890075684,1.0
5.0,"{'range': 4.5332656375126374, 'type': 'geometric::RRTConnect'}",test_run,1.362297157039235,5.975231313553645,0.13202810287475586,0.5675395965576172,0.8
