avg_runs,params,run,t_avg_dist,t_avg_path_length,t_avg_plan_time,t_avg_run_time,t_avg_success
5.0,"{'range': 5.0, 'type': 'geometric::RRTConnect'}",avg_default,1.5893968727444763,7.0306168546027346,0.2052500565846761,1.310619370142619,0.9333333333333332
1.0,"{'range': 11.31648692532278, 'type': 'geometric::RRTConnect'}",best_run,1.702804191269177,1.702804191269177,0.03921008110046387,0.2964200973510742,1.0
5.0,"{'range': 11.31648692532278, 'type': 'geometric::RRTConnect'}",test_run,1.3623130988864487,6.361867872864332,0.13668417930603027,0.5532805919647217,0.8
