avg_runs,params,run,t_avg_dist,t_avg_path_length,t_avg_plan_time,t_avg_run_time,t_avg_success
5.0,"{'range': 5.0, 'type': 'geometric::RRTConnect'}",avg_default,1.5893968727444763,7.0306168546027346,0.2052500565846761,1.310619370142619,0.9333333333333332
1.0,"{'range': 6.850228566610837, 'type': 'geometric::RRTConnect'}",best_run,1.7028509765803186,7.56996286248726,0.07283496856689453,1.6366801261901855,1.0
5.0,"{'range': 6.850228566610837, 'type': 'geometric::RRTConnect'}",test_run,1.3623733820911574,6.358626284702365,0.11406817436218261,0.5818957805633544,0.8
