avg_runs,params,run,t_avg_dist,t_avg_path_length,t_avg_plan_time,t_avg_run_time,t_avg_success
5.0,"{'init_temperature': 1e-06, 'temp_change_factor': 0.1, 'cost_threshold': 100000, 'range': 5.0, 'frountier_node_ratio': 0.1, 'type': 'geometric::BiTRRT', 'frountier_threshold': 0.4}",avg_default,1.4758494143153345,6.5984621427997,0.21269758542378744,1.298653793334961,0.8666666666666667
1.0,"{'init_temperature': 0.0001309079769247185, 'temp_change_factor': 0.023976617920065897, 'cost_threshold': 0.5860202234362429, 'range': 13.479224932403671, 'frountier_node_ratio': 0.0001678715870975234, 'type': 'geometric::BiTRRT', 'frountier_threshold': 53907.63609066515}",best_run,1.7028566000000003,1.7028566000000003,0.0872220993,1.1561570168000002,1.0
5.0,"{'init_temperature': 0.0001309079769247185, 'temp_change_factor': 0.023976617920065897, 'cost_threshold': 0.5860202234362429, 'range': 13.479224932403671, 'frountier_node_ratio': 0.0001678715870975234, 'type': 'geometric::BiTRRT', 'frountier_threshold': 53907.63609066515}",test_run,1.70275354515184,7.468921280898196,0.1109278678894043,0.7391541957855224,1.0
