avg_runs,params,run,t_avg_dist,t_avg_path_length,t_avg_plan_time,t_avg_run_time,t_avg_success
5.0,"{'init_temperature': 1e-06, 'temp_change_factor': 0.1, 'cost_threshold': 100000, 'range': 5.0, 'frountier_node_ratio': 0.1, 'type': 'geometric::BiTRRT', 'frountier_threshold': 0.4}",avg_default,1.4758494143153345,6.5984621427997,0.21269758542378744,1.298653793334961,0.8666666666666667
1.0,"{'init_temperature': 0.0004108235234654804, 'temp_change_factor': 0.27312028684309064, 'cost_threshold': 0.7883209964843679, 'range': 7.028906942314441, 'frountier_node_ratio': 0.8205165687641788, 'type': 'geometric::BiTRRT', 'frountier_threshold': 87699.3625330661}",best_run,1.7029826026110324,6.875620340235188,0.1461350917816162,2.145360946655273,1.0
5.0,"{'init_temperature': 0.0004108235234654804, 'temp_change_factor': 0.27312028684309064, 'cost_threshold': 0.7883209964843679, 'range': 7.028906942314441, 'frountier_node_ratio': 0.8205165687641788, 'type': 'geometric::BiTRRT', 'frountier_threshold': 87699.3625330661}",test_run,1.7028232677287245,7.8336738003551405,0.17683801651000977,0.7586087703704834,1.0
