avg_runs,params,run,t_avg_dist,t_avg_path_length,t_avg_plan_time,t_avg_run_time,t_avg_success
5.0,"{'init_temperature': 1e-06, 'temp_change_factor': 0.1, 'cost_threshold': 100000, 'range': 5.0, 'frountier_node_ratio': 0.1, 'type': 'geometric::BiTRRT', 'frountier_threshold': 0.4}",avg_default,1.4758494143153345,6.5984621427997,0.21269758542378744,1.298653793334961,0.8666666666666667
1.0,"{'init_temperature': 0.0005419361227294175, 'temp_change_factor': 0.5061376036078309, 'frountier_threshold': 0.583043493957123, 'range': 5.267468390752869, 'frountier_node_ratio': 0.5238175179350061, 'type': 'geometric::BiTRRT', 'cost_threshold': 80056.19198266669}",best_run,1.703034356132728,5.733700126036197,0.047860145568847656,0.9145259857177734,1.0
5.0,"{'init_temperature': 0.0005419361227294175, 'temp_change_factor': 0.5061376036078309, 'frountier_threshold': 0.583043493957123, 'range': 5.267468390752869, 'frountier_node_ratio': 0.5238175179350061, 'type': 'geometric::BiTRRT', 'cost_threshold': 80056.19198266669}",test_run,1.3623112397266783,6.099670928146664,0.09836821556091309,0.5480010032653808,0.8
