avg_runs,params,run,t_avg_dist,t_avg_path_length,t_avg_plan_time,t_avg_run_time,t_avg_success
5.0,"{'init_temperature': 1e-06, 'temp_change_factor': 0.1, 'cost_threshold': 100000, 'range': 5.0, 'frountier_node_ratio': 0.1, 'type': 'geometric::BiTRRT', 'frountier_threshold': 0.4}",avg_default,1.4758494143153345,6.5984621427997,0.21269758542378744,1.298653793334961,0.8666666666666667
1.0,"{'init_temperature': 0.0007927862095845205, 'range': 11.568071331609358, 'temp_change_factor': 0.15923602623703226, 'frountier_node_ratio': 0.4660855547743681, 'type': 'geometric::BiTRRT', 'cost_threshold': 13240.910110862436, 'frountier_threshold': 0.1600695002592153}",best_run,0.0060665782,0.0060665782,0.046605110199999994,0.0409669876,1.0
5.0,"{'init_temperature': 0.0007927862095845205, 'range': 11.568071331609358, 'temp_change_factor': 0.15923602623703226, 'frountier_node_ratio': 0.4660855547743681, 'type': 'geometric::BiTRRT', 'cost_threshold': 13240.910110862436, 'frountier_threshold': 0.1600695002592153}",test_run,1.7028707411067703,8.222126482978824,0.22062435150146484,0.8647554397583008,1.0
