avg_runs,params,run,t_avg_dist,t_avg_path_length,t_avg_plan_time,t_avg_run_time,t_avg_success
5.0,"{'init_temperature': 1e-06, 'temp_change_factor': 0.1, 'cost_threshold': 100000, 'range': 5.0, 'frountier_node_ratio': 0.1, 'type': 'geometric::BiTRRT', 'frountier_threshold': 0.4}",avg_default,1.4758494143153345,6.5984621427997,0.21269758542378744,1.298653793334961,0.8666666666666667
1.0,"{'init_temperature': 0.00032214779766333496, 'range': 6.889318657222672, 'temp_change_factor': 0.9252437447548464, 'frountier_node_ratio': 0.8419300813927757, 'type': 'geometric::BiTRRT', 'cost_threshold': 41034.578942039516, 'frountier_threshold': 0.4249649312206198}",best_run,1.7026452140022013,7.626462697995594,0.09288311004638672,2.499364852905273,1.0
5.0,"{'init_temperature': 0.00032214779766333496, 'range': 6.889318657222672, 'temp_change_factor': 0.9252437447548464, 'frountier_node_ratio': 0.8419300813927757, 'type': 'geometric::BiTRRT', 'cost_threshold': 41034.578942039516, 'frountier_threshold': 0.4249649312206198}",test_run,1.7029356193123735,7.8543201968179375,0.12749862670898438,0.6966616153717041,1.0
