avg_runs,params,run,t_avg_dist,t_avg_path_length,t_avg_plan_time,t_avg_run_time,t_avg_success
5.0,"{'range': 5.0, 'type': 'geometric::RRTConnect'}",avg_default,1.5893968727444763,7.0306168546027346,0.2052500565846761,1.310619370142619,0.9333333333333332
1.0,"{'range': 11.99997683726698, 'type': 'geometric::RRTConnect'}",best_run,1.702902823575845,7.294879444937599,0.08661484718322754,2.329357147216797,1.0
5.0,"{'range': 11.99997683726698, 'type': 'geometric::RRTConnect'}",test_run,1.3622899238459767,6.027061605995802,0.12881841659545898,0.5858985900878906,0.8
