avg_runs,params,run,t_avg_dist,t_avg_path_length,t_avg_plan_time,t_avg_run_time,t_avg_success
5.0,"{'init_temperature': 1e-06, 'temp_change_factor': 0.1, 'cost_threshold': 100000, 'range': 5.0, 'frountier_node_ratio': 0.1, 'type': 'geometric::BiTRRT', 'frountier_threshold': 0.4}",avg_default,1.4758494143153345,6.5984621427997,0.21269758542378744,1.298653793334961,0.8666666666666667
1.0,"{'init_temperature': 0.0006148961600730312, 'temp_change_factor': 0.6144273211167924, 'cost_threshold': 95194.86427700079, 'range': 11.225715172964186, 'frountier_node_ratio': 0.758488777694629, 'type': 'geometric::BiTRRT', 'frountier_threshold': 0.8997964554168711}",best_run,1.7031471234807196,7.724723314460541,0.09521603584289552,1.7536780834197998,1.0
5.0,"{'init_temperature': 0.0006148961600730312, 'temp_change_factor': 0.6144273211167924, 'cost_threshold': 95194.86427700079, 'range': 11.225715172964186, 'frountier_node_ratio': 0.758488777694629, 'type': 'geometric::BiTRRT', 'frountier_threshold': 0.8997964554168711}",test_run,1.7029169906493062,8.269632445742442,0.15529956817626953,0.7573926448822021,1.0
