avg_runs,params,run,t_avg_dist,t_avg_path_length,t_avg_plan_time,t_avg_run_time,t_avg_success
5.0,"{'range': 5.0, 'type': 'geometric::RRTConnect'}",avg_default,1.5893968727444763,7.0306168546027346,0.2052500565846761,1.310619370142619,0.9333333333333332
1.0,"{'range': 14.352764402680158, 'type': 'geometric::RRTConnect'}",best_run,1.7027209428858583,7.1897501222044875,0.05081486701965332,0.8562748432159424,1.0
5.0,"{'range': 14.352764402680158, 'type': 'geometric::RRTConnect'}",test_run,1.7030290249681777,7.994231306125647,0.1477113723754883,0.8556899547576904,1.0
