avg_runs,params,run,t_avg_dist,t_avg_path_length,t_avg_plan_time,t_avg_run_time,t_avg_success
5.0,"{'default': 1.0, 'type': 'geometric::RRTConnect'}",avg_default,1.5894201656481861,7.335894233492485,0.19845188458760576,1.2405147552490234,0.9333333333333332
1.0,"{'default': 1.0832527236416973, 'type': 'geometric::RRTConnect'}",best_run,1.7028974174,1.7028974174,0.0385079384,0.6720578670999999,1.0
5.0,"{'default': 1.0832527236416973, 'type': 'geometric::RRTConnect'}",test_run,1.7027943195031505,7.9149279323688,0.25873622894287107,0.9998786926269532,1.0
