avg_runs,params,run,t_avg_dist,t_avg_path_length,t_avg_plan_time,t_avg_run_time,t_avg_success
5.0,"{'default': 1.0, 'type': 'geometric::RRTConnect'}",avg_default,1.5894201656481861,7.335894233492485,0.19845188458760576,1.2405147552490234,0.9333333333333332
1.0,"{'default': 0.8762821304670049, 'type': 'geometric::RRTConnect'}",best_run,1.702745062972865,7.692748808672568,0.08177399635314941,1.6813020706176758,1.0
5.0,"{'default': 0.8762821304670049, 'type': 'geometric::RRTConnect'}",test_run,1.3622688613102887,5.852615862170181,0.21571359634399415,0.8405800342559815,0.8
