avg_runs,params,run,t_avg_dist,t_avg_path_length,t_avg_plan_time,t_avg_run_time,t_avg_success
5.0,"{'default': 1.0, 'type': 'geometric::RRTConnect'}",avg_default,1.5894201656481861,7.335894233492485,0.19845188458760576,1.2405147552490234,0.9333333333333332
1.0,"{'default': 0.10034193853307284, 'type': 'geometric::RRTConnect'}",best_run,1.7030163507876626,6.824664914423258,0.10691690444946288,2.575906991958618,1.0
5.0,"{'default': 0.10034193853307284, 'type': 'geometric::RRTConnect'}",test_run,1.7028085187346373,7.462688406777171,0.1843952178955078,0.882747745513916,1.0
