avg_runs,params,run,t_avg_dist,t_avg_path_length,t_avg_plan_time,t_avg_run_time,t_avg_success
5.0,"{'default': 1.0, 'type': 'geometric::RRTConnect'}",avg_default,1.5894201656481861,7.335894233492485,0.19845188458760576,1.2405147552490234,0.9333333333333332
1.0,"{'default': 0.7671266234105991, 'type': 'geometric::RRTConnect'}",best_run,1.7025791996000001,1.7025791996000001,0.07318711280000001,0.9702401160999999,1.0
5.0,"{'default': 0.7671266234105991, 'type': 'geometric::RRTConnect'}",test_run,1.7027548525272422,7.778400988290992,0.21641321182250978,0.8100142002105712,1.0
